,Sehir,İlce,Mahalle,Fiyat,brüt metrekare,Net Metrekare,Oda Sayısı,Binanın Yaşı,Bulunduğu Kat
0,İstanbul,20,35,1890000,107,70,3,8,8
1,İstanbul,20,142,1310000,120,105,5,0,19
2,İstanbul,7,72,900000,75,68,3,8,13
3,İstanbul,9,2,1575000,200,185,5,2,13
4,İstanbul,15,106,775000,100,90,3,5,12
5,İstanbul,26,109,1500000,115,90,3,5,11
6,İstanbul,26,82,4000000,275,250,10,5,24
7,İstanbul,22,62,1400000,124,80,3,6,14
8,İstanbul,6,0,760000,155,140,5,5,12
9,İstanbul,25,137,495000,125,110,3,6,25
10,İstanbul,31,102,1200000,165,140,6,7,27
11,İstanbul,31,63,455000,55,45,1,7,19
12,İstanbul,28,21,575000,80,70,3,8,0
13,İstanbul,2,122,7000000,130,110,5,0,14
14,İstanbul,7,24,1950000,90,80,3,2,16
15,İstanbul,26,133,761000000,900,800,17,5,23
16,İstanbul,15,106,550000,85,75,3,8,19
17,İstanbul,1,39,745000,86,77,3,8,25
18,İstanbul,23,50,620000,90,80,3,8,25
19,İstanbul,15,52,8500000,390,235,8,0,0
20,İstanbul,13,98,759000,120,110,3,8,12
21,İstanbul,14,19,580000,74,42,1,8,15
22,İstanbul,31,141,675000,92,72,3,0,13
23,İstanbul,14,120,559000,120,100,3,6,25
24,İstanbul,23,140,720000,110,85,3,2,0
25,İstanbul,23,33,2250000,180,160,6,8,12
26,İstanbul,34,84,6500000,228,227,6,5,24
27,İstanbul,19,99,4250000,255,245,10,3,17
28,İstanbul,24,42,540000,90,75,3,2,20
29,İstanbul,0,8,715000,145,135,3,8,7
30,İstanbul,9,35,350000,80,75,1,0,14
31,İstanbul,3,117,980000,95,85,3,0,25
32,İstanbul,7,72,900000,75,68,3,8,13
33,İstanbul,13,44,540000,85,75,3,8,25
34,İstanbul,3,118,1400000,165,155,5,0,13
35,İstanbul,10,29,11050000,395,394,0,5,20
36,İstanbul,11,7,17500000,145,75,15,5,23
37,İstanbul,24,42,775000,95,85,3,6,7
38,İstanbul,24,42,778000,95,85,3,8,11
39,İstanbul,1,146,600000,55,50,1,0,19
40,İstanbul,6,0,600000,125,115,3,5,7
41,İstanbul,23,22,775000,90,80,3,5,0
42,İstanbul,33,26,895000,80,60,3,5,25
43,İstanbul,22,95,895000,160,150,6,4,11
44,İstanbul,9,35,429999,105,90,3,0,0
45,İstanbul,1,39,850000,95,90,3,8,25
46,İstanbul,9,35,800000,125,105,3,8,0
47,İstanbul,23,50,768000,90,80,3,2,0
48,İstanbul,26,75,350000,100,95,3,2,23
49,İstanbul,7,72,920000,75,68,3,8,16
50,İstanbul,23,33,900000,50,45,1,4,20
51,İstanbul,23,33,1720000,240,215,9,0,13
52,İstanbul,33,35,1450000,167,147,5,8,12
53,İstanbul,13,104,315000,100,90,3,5,14
54,İstanbul,29,31,1750000,120,85,5,0,7
55,İstanbul,26,13,3650000,82,55,1,7,16
56,İstanbul,30,73,15000000,246,200,7,8,10
57,İstanbul,11,92,1500000,100,85,3,5,20
58,İstanbul,26,13,12000000,220,160,8,7,5
59,İstanbul,1,149,650000,65,50,1,8,0
60,İstanbul,34,123,3650000,120,100,3,5,7
61,İstanbul,31,100,900000,100,95,3,4,11
62,İstanbul,1,15,450000,60,55,1,6,25
63,İstanbul,14,145,365000,135,120,5,0,19
64,İstanbul,3,117,780000,85,80,3,2,7
65,İstanbul,14,35,437500,100,85,3,8,7
66,İstanbul,19,28,1940000,120,105,5,8,11
67,İstanbul,20,33,550000,115,107,5,5,12
68,İstanbul,19,80,3380000,135,115,8,7,7
69,İstanbul,9,71,1080000,105,95,3,0,0
70,İstanbul,23,41,1270000,110,80,3,0,12
71,İstanbul,19,45,5250000,140,100,5,0,17
72,İstanbul,2,147,5750000,216,120,5,5,12
73,İstanbul,22,47,5450000,800,799,0,5,20
74,İstanbul,22,95,785000,95,90,3,0,25
75,İstanbul,34,93,2350000,140,130,5,5,14
76,İstanbul,14,79,2850000,157,101,3,1,6
77,İstanbul,34,107,525000,90,75,1,8,20
78,İstanbul,12,44,7000000,670,510,16,0,24
79,İstanbul,33,83,144000000,550,500,16,5,24
80,İstanbul,14,23,629000,150,130,5,8,11
81,İstanbul,19,30,5600000,140,110,5,7,17
82,İstanbul,16,77,750000,105,95,3,5,12
83,İstanbul,16,77,4950000,340,330,13,4,20
84,İstanbul,20,35,1990000,111,73,3,8,10
85,İstanbul,27,132,1225000,125,95,3,0,15
86,İstanbul,10,121,575000,110,90,3,2,19
87,İstanbul,34,49,4500000,155,145,5,5,0
88,İstanbul,1,12,6500000,180,130,8,5,4
89,İstanbul,19,45,17500000,290,230,9,7,17
90,İstanbul,3,118,865000,80,75,3,0,0
91,İstanbul,15,52,3950000,220,180,5,2,12
92,İstanbul,3,155,1350000,95,85,3,0,7
93,İstanbul,3,155,1550000,125,115,5,0,7
94,İstanbul,10,152,4750000,99,90,2,0,0
95,İstanbul,13,36,700000,85,80,3,0,25
96,İstanbul,19,28,2695000,155,140,5,5,7
97,İstanbul,3,17,865000,85,80,3,0,0
98,İstanbul,22,9,3000000,167,130,5,8,13
99,İstanbul,22,95,530000,135,130,5,3,7
100,İstanbul,20,67,1200000,95,75,3,8,1
101,İstanbul,19,46,2850000,155,115,5,5,7
102,İstanbul,23,85,1990000,143,110,5,5,13
103,İstanbul,14,35,638500,110,90,5,1,20
104,İstanbul,9,35,550000,150,140,5,0,16
105,İstanbul,22,131,1150000,190,170,6,5,18
106,İstanbul,10,127,875000,90,80,3,5,11
107,İstanbul,4,10,11500000,240,220,8,2,13
108,İstanbul,3,155,1000000,90,85,3,0,7
109,İstanbul,29,154,1000000,220,198,5,5,23
110,İstanbul,13,98,835000,90,85,3,8,13
111,İstanbul,26,82,3500000,450,400,14,2,20
112,İstanbul,3,118,1285000,85,80,3,0,7
113,İstanbul,34,64,9000000,165,150,5,2,13
114,İstanbul,0,137,870000,107,106,3,5,23
115,İstanbul,19,28,4250000,165,133,5,5,16
116,İstanbul,27,132,1500000,145,125,5,7,14
117,İstanbul,6,76,640000,85,80,3,8,0
118,İstanbul,22,9,3650000,196,170,8,2,1
119,İstanbul,12,68,7000000,1200,1000,14,2,20
120,İstanbul,22,9,2100000,115,90,3,8,12
121,İstanbul,20,69,970000,120,100,5,0,25
122,İstanbul,24,42,1451500,100,80,3,0,0
123,İstanbul,24,42,1451500,103,84,3,0,0
124,İstanbul,24,42,1150000,81,63,3,0,0
125,İstanbul,24,42,2273000,140,110,5,0,16
126,İstanbul,24,134,617500,70,60,1,2,19
127,İstanbul,4,10,28000000,600,550,10,5,3
128,İstanbul,23,51,1000000,90,75,3,0,11
129,İstanbul,23,51,800000,80,65,3,0,0
130,İstanbul,9,38,5250000,300,270,11,0,24
131,İstanbul,9,38,8000000,450,400,16,0,24
132,İstanbul,12,12,1550000,230,200,11,5,0
133,İstanbul,28,21,595000,85,80,3,0,0
134,İstanbul,4,10,10250000,174,165,5,8,11
135,İstanbul,28,102,645000,90,85,3,0,0
136,İstanbul,12,32,2400000,350,330,8,2,20
137,İstanbul,26,90,3750000,135,87,5,8,4
138,İstanbul,4,10,2750000,120,105,5,5,4
139,İstanbul,23,22,1150000,145,110,5,5,7
140,İstanbul,29,151,1050000,105,85,5,8,25
141,İstanbul,24,42,1614000,119,93,3,0,17
142,İstanbul,34,123,4500000,165,150,5,5,19
143,İstanbul,2,100,3100000,162,142,5,8,17
144,İstanbul,34,123,1600000,55,49,1,0,20
145,İstanbul,15,150,1050000,160,150,9,8,11
146,İstanbul,1,149,1155000,145,140,5,2,7
147,İstanbul,2,122,2330000,189,140,5,8,4
148,İstanbul,23,22,1150000,145,110,5,5,12
149,İstanbul,28,21,759000,130,110,5,0,0
150,İstanbul,6,47,600000,90,85,3,8,25
151,İstanbul,20,11,1300000,135,115,5,8,12
152,İstanbul,25,149,1150000,150,125,6,0,26
153,İstanbul,11,105,8500000,300,270,10,5,19
154,İstanbul,11,4,16500000,350,320,11,5,20
155,İstanbul,19,119,3985000,145,108,5,5,0
156,İstanbul,22,62,1450000,100,90,1,8,2
157,İstanbul,2,122,2100000,164,128,3,6,16
158,İstanbul,32,116,1650000,120,106,5,2,20
159,İstanbul,23,48,2300000,160,150,4,6,12
160,İstanbul,9,35,350000,105,100,1,0,16
161,İstanbul,24,42,1451500,139,80,3,0,0
162,İstanbul,24,42,1263000,102,75,3,1,17
163,İstanbul,22,9,3150000,192,175,8,2,13
164,İstanbul,9,35,350000,80,75,1,0,13
165,İstanbul,18,88,445000,65,55,1,0,19
166,İstanbul,11,87,22000000,450,400,14,8,20
167,İstanbul,9,35,650000,135,125,3,0,12
168,İstanbul,9,128,599000,110,95,3,0,19
169,İstanbul,27,57,1075000,245,230,5,5,20
170,İstanbul,24,65,650000,180,160,5,2,12
171,İstanbul,15,100,1490000,160,150,6,0,11
172,İstanbul,26,114,4200000,270,200,12,2,23
173,İstanbul,19,81,8250000,305,304,0,5,20
174,İstanbul,34,54,1450000,160,150,5,5,12
175,İstanbul,26,139,6500000,500,450,14,5,24
176,İstanbul,13,74,850000,95,85,3,0,12
177,İstanbul,6,130,685000,160,150,5,2,11
178,İstanbul,21,100,1800000,255,220,8,8,12
179,İstanbul,23,51,1200000,119,100,5,0,12
180,İstanbul,9,35,247000,125,115,3,0,11
181,İstanbul,0,91,3900000,500,300,8,8,24
182,İstanbul,6,113,1200000,200,190,10,4,11
183,İstanbul,18,96,2750000,160,140,5,8,0
184,İstanbul,15,59,4400000,178,105,5,0,13
185,İstanbul,14,94,250000,92,85,3,0,19
186,İstanbul,22,9,3400000,167,140,5,2,14
187,İstanbul,22,95,1200000,165,160,13,1,26
188,İstanbul,3,118,1650000,190,170,9,0,13
189,İstanbul,12,12,600000,100,90,3,0,11
190,İstanbul,0,8,720000,100,90,3,8,13
191,İstanbul,32,40,1360000,87,75,3,0,11
192,İstanbul,29,14,650000,90,75,3,0,7
193,İstanbul,9,89,4300000,270,250,18,7,20
194,İstanbul,23,5,2700000,109,80,3,6,12
195,İstanbul,26,16,850000,90,85,3,2,11
196,İstanbul,7,6,1100000,190,180,9,6,22
197,İstanbul,22,149,1175000,185,165,8,8,26
198,İstanbul,23,51,1250000,110,95,5,6,7
199,İstanbul,13,125,290000,55,50,1,6,19
200,İstanbul,13,125,740000,95,90,3,7,11
201,İstanbul,3,138,720000,90,80,3,0,25
202,İstanbul,12,68,1700000,120,100,1,2,20
203,İstanbul,11,86,15200000,189,133,5,7,15
204,İstanbul,3,78,750000,128,125,3,2,26
205,İstanbul,12,68,755000,85,80,3,2,20
206,İstanbul,9,20,1200000,115,100,3,2,7
207,İstanbul,9,27,330000,95,85,1,0,2
208,İstanbul,24,55,2900000,300,260,13,0,17
209,İstanbul,24,55,2300000,300,250,8,0,1
210,İstanbul,9,112,1900000,135,110,3,4,7
211,İstanbul,15,136,1500000,110,90,5,2,25
212,İstanbul,31,63,5000000,178,150,5,8,11
213,İstanbul,24,60,1000000,125,120,5,8,7
214,İstanbul,24,126,1500000,125,120,5,6,0
215,İstanbul,8,1,2750000,145,105,3,4,13
216,İstanbul,8,53,3700000,150,135,5,5,12
217,İstanbul,25,111,775000,125,100,5,2,15
218,İstanbul,9,35,689999,150,140,5,0,7
219,İstanbul,14,110,670000,130,120,3,7,7
220,İstanbul,28,66,1050000,80,70,3,8,19
221,İstanbul,14,110,690000,90,80,3,0,7
222,İstanbul,7,18,2250000,100,90,3,2,13
223,İstanbul,7,18,1800000,220,200,9,3,13
224,İstanbul,9,2,1750000,220,160,8,1,11
225,İstanbul,9,2,5250000,450,325,14,0,20
226,İstanbul,9,2,1475000,125,105,3,0,7
227,İstanbul,17,153,1185000,110,100,3,0,11
228,İstanbul,5,70,1350000,165,150,6,0,26
229,İstanbul,9,128,1000000,110,100,5,7,0
230,İstanbul,2,37,1300000,110,100,5,0,11
231,İstanbul,2,34,980000,130,120,5,8,13
232,İstanbul,2,56,1500000,160,150,6,8,11
233,İstanbul,9,2,3100000,185,170,5,8,11
234,İstanbul,2,100,1500000,150,140,6,0,26
235,İstanbul,14,108,849000,140,130,5,8,2
236,İstanbul,22,62,3250000,152,110,5,0,7
237,İstanbul,3,143,785000,120,100,3,5,0
238,İstanbul,19,28,3950000,120,90,5,7,7
239,İstanbul,21,100,975000,200,180,10,8,20
240,İstanbul,20,35,1295000,125,110,5,7,7
241,İstanbul,24,132,875000,78,70,3,0,25
242,İstanbul,24,134,675000,85,75,3,3,12
243,İstanbul,32,129,2800000,74,50,1,0,9
244,İstanbul,32,129,2600000,74,50,1,0,8
245,İstanbul,2,34,400000,130,125,5,5,0
246,İstanbul,28,66,1050000,80,70,3,8,19
247,İstanbul,14,101,1350000,140,125,5,5,3
248,İstanbul,22,149,680000,85,75,3,0,25
249,İstanbul,22,149,680000,80,75,3,0,25
250,İstanbul,3,117,615000,165,140,5,3,13
251,İstanbul,23,140,1420000,92,75,3,8,4
252,İstanbul,15,106,890000,230,200,11,5,23
253,İstanbul,28,3,598000,120,99,3,0,21
254,İstanbul,2,103,293000,83,73,1,0,0
255,İstanbul,19,45,12000000,200,147,8,0,6
256,İstanbul,14,97,285000,80,70,1,0,7
257,İstanbul,31,100,699000,85,70,3,0,21
258,İstanbul,31,100,819000,90,80,3,0,0
259,İstanbul,3,17,1435000,120,100,5,5,0
260,İstanbul,14,35,329000,110,100,3,0,11
261,İstanbul,9,27,505000,117,107,3,0,14
262,İstanbul,32,43,2950000,130,100,3,8,14
263,İstanbul,23,51,1525000,100,78,3,8,7
264,İstanbul,14,94,326000,112,102,3,0,11
265,İstanbul,7,25,4990000,177,140,8,8,11
266,İstanbul,9,128,388000,110,100,3,0,12
267,İstanbul,30,115,1100000,170,160,9,5,13
268,İstanbul,14,61,250000,75,65,1,0,12
269,İstanbul,14,148,355000,130,120,5,0,11
270,İstanbul,9,2,1699000,270,250,11,0,12
271,İstanbul,9,35,749900,150,140,5,0,7
272,İstanbul,9,35,529900,120,105,3,0,0
273,İstanbul,9,2,1434900,160,150,5,0,25
274,İstanbul,9,2,800000,105,90,1,6,11
275,İstanbul,9,35,659000,140,120,5,0,0
276,İstanbul,9,35,439000,110,100,3,7,7
277,İstanbul,16,124,870000,120,115,3,5,12
278,İstanbul,9,35,1950000,165,136,5,5,5
279,İstanbul,9,35,2750000,165,146,5,3,16
280,İstanbul,31,58,1250000,127,105,5,2,0
281,İstanbul,9,35,739000,115,102,3,0,7
282,İstanbul,9,35,699000,146,120,5,0,0
283,İstanbul,9,35,340000,110,100,3,7,7
284,İstanbul,9,35,439000,110,100,3,7,7
285,İstanbul,9,35,269999,130,120,3,0,19
286,İstanbul,9,35,499999,120,110,3,0,7
287,İstanbul,3,155,2325000,220,205,11,7,26
288,İstanbul,14,35,739000,115,102,3,0,7
289,İstanbul,9,35,539999,100,95,3,0,25
290,İstanbul,3,117,615000,100,87,3,5,13
291,İstanbul,9,128,889000,110,90,3,0,7
292,İstanbul,22,135,610000,135,120,5,3,0
293,İstanbul,3,155,1250000,210,200,11,5,26
294,İstanbul,22,62,1600000,141,95,5,7,1
295,İstanbul,9,2,1575000,140,125,3,8,24
296,İstanbul,8,144,200000000,1500,1100,13,5,23
297,İstanbul,2,56,495000,130,110,5,5,7
298,İstanbul,2,37,390000,110,100,5,5,0
299,İstanbul,14,145,450000,100,90,3,8,0
300,İstanbul,9,2,1699000,270,250,11,0,12
301,İstanbul,9,35,749900,150,140,5,0,7
302,İstanbul,9,35,529900,120,105,3,0,0
303,İstanbul,9,2,1434900,160,150,5,0,25
304,İstanbul,9,2,800000,105,90,1,6,11
305,İstanbul,9,35,659000,140,120,5,0,0
306,İstanbul,9,35,439000,110,100,3,7,7
307,İstanbul,16,124,870000,120,115,3,5,12
308,İstanbul,9,35,1950000,165,136,5,5,5
309,İstanbul,9,35,2750000,165,146,5,3,16
310,İstanbul,31,58,1250000,127,105,5,2,0
311,İstanbul,9,35,739000,115,102,3,0,7
312,İstanbul,9,35,699000,146,120,5,0,0
313,İstanbul,9,35,340000,110,100,3,7,7
314,İstanbul,9,35,439000,110,100,3,7,7
315,İstanbul,9,35,269999,130,120,3,0,19
316,İstanbul,9,35,499999,120,110,3,0,7
317,İstanbul,3,155,2325000,220,205,11,7,26
318,İstanbul,14,35,739000,115,102,3,0,7
319,İstanbul,9,35,539999,100,95,3,0,25
320,İstanbul,3,117,615000,100,87,3,5,13
321,İstanbul,9,128,889000,110,90,3,0,7
322,İstanbul,22,135,610000,135,120,5,3,0
323,İstanbul,3,155,1250000,210,200,11,5,26
324,İstanbul,22,62,1600000,141,95,5,7,1
325,İstanbul,9,2,1575000,140,125,3,8,24
326,İstanbul,8,144,200000000,1500,1100,13,5,23
327,İstanbul,2,56,495000,130,110,5,5,7
328,İstanbul,2,37,390000,110,100,5,5,0
329,İstanbul,14,145,450000,100,90,3,8,0
330,İstanbul,9,2,1699000,270,250,11,0,12
331,İstanbul,9,35,749900,150,140,5,0,7
332,İstanbul,9,35,529900,120,105,3,0,0
333,İstanbul,9,2,1434900,160,150,5,0,25
334,İstanbul,9,2,800000,105,90,1,6,11
335,İstanbul,9,35,659000,140,120,5,0,0
336,İstanbul,9,35,439000,110,100,3,7,7
337,İstanbul,16,124,870000,120,115,3,5,12
338,İstanbul,9,35,1950000,165,136,5,5,5
339,İstanbul,9,35,2750000,165,146,5,3,16
340,İstanbul,31,58,1250000,127,105,5,2,0
341,İstanbul,9,35,739000,115,102,3,0,7
342,İstanbul,9,35,699000,146,120,5,0,0
343,İstanbul,9,35,340000,110,100,3,7,7
344,İstanbul,9,35,439000,110,100,3,7,7
345,İstanbul,9,35,269999,130,120,3,0,19
346,İstanbul,9,35,499999,120,110,3,0,7
347,İstanbul,3,155,2325000,220,205,11,7,26
348,İstanbul,14,35,739000,115,102,3,0,7
349,İstanbul,9,35,539999,100,95,3,0,25
350,İstanbul,3,117,615000,100,87,3,5,13
351,İstanbul,9,128,889000,110,90,3,0,7
352,İstanbul,22,135,610000,135,120,5,3,0
353,İstanbul,3,155,1250000,210,200,11,5,26
354,İstanbul,22,62,1600000,141,95,5,7,1
355,İstanbul,9,2,1575000,140,125,3,8,24
356,İstanbul,8,144,200000000,1500,1100,13,5,23
357,İstanbul,2,56,495000,130,110,5,5,7
358,İstanbul,2,37,390000,110,100,5,5,0
359,İstanbul,14,145,450000,100,90,3,8,0
360,İstanbul,9,2,1699000,270,250,11,0,12
361,İstanbul,9,35,749900,150,140,5,0,7
362,İstanbul,9,35,529900,120,105,3,0,0
363,İstanbul,9,2,1434900,160,150,5,0,25
364,İstanbul,9,2,800000,105,90,1,6,11
365,İstanbul,9,35,659000,140,120,5,0,0
366,İstanbul,9,35,439000,110,100,3,7,7
367,İstanbul,16,124,870000,120,115,3,5,12
368,İstanbul,9,35,1950000,165,136,5,5,5
369,İstanbul,9,35,2750000,165,146,5,3,16
370,İstanbul,31,58,1250000,127,105,5,2,0
371,İstanbul,9,35,739000,115,102,3,0,7
372,İstanbul,9,35,699000,146,120,5,0,0
373,İstanbul,9,35,340000,110,100,3,7,7
374,İstanbul,9,35,439000,110,100,3,7,7
375,İstanbul,9,35,269999,130,120,3,0,19
376,İstanbul,9,35,499999,120,110,3,0,7
377,İstanbul,3,155,2325000,220,205,11,7,26
378,İstanbul,14,35,739000,115,102,3,0,7
379,İstanbul,9,35,539999,100,95,3,0,25
380,İstanbul,3,117,615000,100,87,3,5,13
381,İstanbul,9,128,889000,110,90,3,0,7
382,İstanbul,22,135,610000,135,120,5,3,0
383,İstanbul,3,155,1250000,210,200,11,5,26
384,İstanbul,22,62,1600000,141,95,5,7,1
385,İstanbul,9,2,1575000,140,125,3,8,24
386,İstanbul,8,144,200000000,1500,1100,13,5,23
387,İstanbul,2,56,495000,130,110,5,5,7
388,İstanbul,2,37,390000,110,100,5,5,0
389,İstanbul,14,145,450000,100,90,3,8,0
390,İstanbul,9,2,1699000,270,250,11,0,12
391,İstanbul,9,35,749900,150,140,5,0,7
392,İstanbul,9,35,529900,120,105,3,0,0
393,İstanbul,9,2,1434900,160,150,5,0,25
394,İstanbul,9,2,800000,105,90,1,6,11
395,İstanbul,9,35,659000,140,120,5,0,0
396,İstanbul,9,35,439000,110,100,3,7,7
397,İstanbul,16,124,870000,120,115,3,5,12
398,İstanbul,9,35,1950000,165,136,5,5,5
399,İstanbul,9,35,2750000,165,146,5,3,16
400,İstanbul,31,58,1250000,127,105,5,2,0
401,İstanbul,9,35,739000,115,102,3,0,7
402,İstanbul,9,35,699000,146,120,5,0,0
403,İstanbul,9,35,340000,110,100,3,7,7
404,İstanbul,9,35,439000,110,100,3,7,7
405,İstanbul,9,35,269999,130,120,3,0,19
406,İstanbul,9,35,499999,120,110,3,0,7
407,İstanbul,3,155,2325000,220,205,11,7,26
408,İstanbul,14,35,739000,115,102,3,0,7
409,İstanbul,9,35,539999,100,95,3,0,25
410,İstanbul,3,117,615000,100,87,3,5,13
411,İstanbul,9,128,889000,110,90,3,0,7
412,İstanbul,22,135,610000,135,120,5,3,0
413,İstanbul,3,155,1250000,210,200,11,5,26
414,İstanbul,22,62,1600000,141,95,5,7,1
415,İstanbul,9,2,1575000,140,125,3,8,24
416,İstanbul,8,144,200000000,1500,1100,13,5,23
417,İstanbul,2,56,495000,130,110,5,5,7
418,İstanbul,2,37,390000,110,100,5,5,0
419,İstanbul,14,145,450000,100,90,3,8,0
420,İstanbul,9,2,1699000,270,250,11,0,12
421,İstanbul,9,35,749900,150,140,5,0,7
422,İstanbul,9,35,529900,120,105,3,0,0
423,İstanbul,9,2,1434900,160,150,5,0,25
424,İstanbul,9,2,800000,105,90,1,6,11
425,İstanbul,9,35,659000,140,120,5,0,0
426,İstanbul,9,35,439000,110,100,3,7,7
427,İstanbul,16,124,870000,120,115,3,5,12
428,İstanbul,9,35,1950000,165,136,5,5,5
429,İstanbul,9,35,2750000,165,146,5,3,16
430,İstanbul,31,58,1250000,127,105,5,2,0
431,İstanbul,9,35,739000,115,102,3,0,7
432,İstanbul,9,35,699000,146,120,5,0,0
433,İstanbul,9,35,340000,110,100,3,7,7
434,İstanbul,9,35,439000,110,100,3,7,7
435,İstanbul,9,35,269999,130,120,3,0,19
436,İstanbul,9,35,499999,120,110,3,0,7
437,İstanbul,3,155,2325000,220,205,11,7,26
438,İstanbul,14,35,739000,115,102,3,0,7
439,İstanbul,9,35,539999,100,95,3,0,25
440,İstanbul,3,117,615000,100,87,3,5,13
441,İstanbul,9,128,889000,110,90,3,0,7
442,İstanbul,22,135,610000,135,120,5,3,0
443,İstanbul,3,155,1250000,210,200,11,5,26
444,İstanbul,22,62,1600000,141,95,5,7,1
445,İstanbul,9,2,1575000,140,125,3,8,24
446,İstanbul,8,144,200000000,1500,1100,13,5,23
447,İstanbul,2,56,495000,130,110,5,5,7
448,İstanbul,2,37,390000,110,100,5,5,0
449,İstanbul,14,145,450000,100,90,3,8,0
450,İstanbul,9,2,1699000,270,250,11,0,12
451,İstanbul,9,35,749900,150,140,5,0,7
452,İstanbul,9,35,529900,120,105,3,0,0
453,İstanbul,9,2,1434900,160,150,5,0,25
454,İstanbul,9,2,800000,105,90,1,6,11
455,İstanbul,9,35,659000,140,120,5,0,0
456,İstanbul,9,35,439000,110,100,3,7,7
457,İstanbul,16,124,870000,120,115,3,5,12
458,İstanbul,9,35,1950000,165,136,5,5,5
459,İstanbul,9,35,2750000,165,146,5,3,16
460,İstanbul,31,58,1250000,127,105,5,2,0
461,İstanbul,9,35,739000,115,102,3,0,7
462,İstanbul,9,35,699000,146,120,5,0,0
463,İstanbul,9,35,340000,110,100,3,7,7
464,İstanbul,9,35,439000,110,100,3,7,7
465,İstanbul,9,35,269999,130,120,3,0,19
466,İstanbul,9,35,499999,120,110,3,0,7
467,İstanbul,3,155,2325000,220,205,11,7,26
468,İstanbul,14,35,739000,115,102,3,0,7
469,İstanbul,9,35,539999,100,95,3,0,25
470,İstanbul,3,117,615000,100,87,3,5,13
471,İstanbul,9,128,889000,110,90,3,0,7
472,İstanbul,22,135,610000,135,120,5,3,0
473,İstanbul,3,155,1250000,210,200,11,5,26
474,İstanbul,22,62,1600000,141,95,5,7,1
475,İstanbul,9,2,1575000,140,125,3,8,24
476,İstanbul,8,144,200000000,1500,1100,13,5,23
477,İstanbul,2,56,495000,130,110,5,5,7
478,İstanbul,2,37,390000,110,100,5,5,0
479,İstanbul,14,145,450000,100,90,3,8,0
480,İstanbul,9,2,1699000,270,250,11,0,12
481,İstanbul,9,35,749900,150,140,5,0,7
482,İstanbul,9,35,529900,120,105,3,0,0
483,İstanbul,9,2,1434900,160,150,5,0,25
484,İstanbul,9,2,800000,105,90,1,6,11
485,İstanbul,9,35,659000,140,120,5,0,0
486,İstanbul,9,35,439000,110,100,3,7,7
487,İstanbul,16,124,870000,120,115,3,5,12
488,İstanbul,9,35,1950000,165,136,5,5,5
489,İstanbul,9,35,2750000,165,146,5,3,16
490,İstanbul,31,58,1250000,127,105,5,2,0
491,İstanbul,9,35,739000,115,102,3,0,7
492,İstanbul,9,35,699000,146,120,5,0,0
493,İstanbul,9,35,340000,110,100,3,7,7
494,İstanbul,9,35,439000,110,100,3,7,7
495,İstanbul,9,35,269999,130,120,3,0,19
496,İstanbul,9,35,499999,120,110,3,0,7
497,İstanbul,3,155,2325000,220,205,11,7,26
498,İstanbul,14,35,739000,115,102,3,0,7
499,İstanbul,9,35,539999,100,95,3,0,25
500,İstanbul,3,117,615000,100,87,3,5,13
501,İstanbul,9,128,889000,110,90,3,0,7
502,İstanbul,22,135,610000,135,120,5,3,0
503,İstanbul,3,155,1250000,210,200,11,5,26
504,İstanbul,22,62,1600000,141,95,5,7,1
505,İstanbul,9,2,1575000,140,125,3,8,24
506,İstanbul,8,144,200000000,1500,1100,13,5,23
507,İstanbul,2,56,495000,130,110,5,5,7
508,İstanbul,2,37,390000,110,100,5,5,0
509,İstanbul,14,145,450000,100,90,3,8,0
510,İstanbul,9,2,1699000,270,250,11,0,12
511,İstanbul,9,35,749900,150,140,5,0,7
512,İstanbul,9,35,529900,120,105,3,0,0
513,İstanbul,9,2,1434900,160,150,5,0,25
514,İstanbul,9,2,800000,105,90,1,6,11
515,İstanbul,9,35,659000,140,120,5,0,0
516,İstanbul,9,35,439000,110,100,3,7,7
517,İstanbul,16,124,870000,120,115,3,5,12
518,İstanbul,9,35,1950000,165,136,5,5,5
519,İstanbul,9,35,2750000,165,146,5,3,16
520,İstanbul,31,58,1250000,127,105,5,2,0
521,İstanbul,9,35,739000,115,102,3,0,7
522,İstanbul,9,35,699000,146,120,5,0,0
523,İstanbul,9,35,340000,110,100,3,7,7
524,İstanbul,9,35,439000,110,100,3,7,7
525,İstanbul,9,35,269999,130,120,3,0,19
526,İstanbul,9,35,499999,120,110,3,0,7
527,İstanbul,3,155,2325000,220,205,11,7,26
528,İstanbul,14,35,739000,115,102,3,0,7
529,İstanbul,9,35,539999,100,95,3,0,25
530,İstanbul,3,117,615000,100,87,3,5,13
531,İstanbul,9,128,889000,110,90,3,0,7
532,İstanbul,22,135,610000,135,120,5,3,0
533,İstanbul,3,155,1250000,210,200,11,5,26
534,İstanbul,22,62,1600000,141,95,5,7,1
535,İstanbul,9,2,1575000,140,125,3,8,24
536,İstanbul,8,144,200000000,1500,1100,13,5,23
537,İstanbul,2,56,495000,130,110,5,5,7
538,İstanbul,2,37,390000,110,100,5,5,0
539,İstanbul,14,145,450000,100,90,3,8,0
540,İstanbul,9,2,1699000,270,250,11,0,12
541,İstanbul,9,35,749900,150,140,5,0,7
542,İstanbul,9,35,529900,120,105,3,0,0
543,İstanbul,9,2,1434900,160,150,5,0,25
544,İstanbul,9,2,800000,105,90,1,6,11
545,İstanbul,9,35,659000,140,120,5,0,0
546,İstanbul,9,35,439000,110,100,3,7,7
547,İstanbul,16,124,870000,120,115,3,5,12
548,İstanbul,9,35,1950000,165,136,5,5,5
549,İstanbul,9,35,2750000,165,146,5,3,16
550,İstanbul,31,58,1250000,127,105,5,2,0
551,İstanbul,9,35,739000,115,102,3,0,7
552,İstanbul,9,35,699000,146,120,5,0,0
553,İstanbul,9,35,340000,110,100,3,7,7
554,İstanbul,9,35,439000,110,100,3,7,7
555,İstanbul,9,35,269999,130,120,3,0,19
556,İstanbul,9,35,499999,120,110,3,0,7
557,İstanbul,3,155,2325000,220,205,11,7,26
558,İstanbul,14,35,739000,115,102,3,0,7
559,İstanbul,9,35,539999,100,95,3,0,25
560,İstanbul,3,117,615000,100,87,3,5,13
561,İstanbul,9,128,889000,110,90,3,0,7
562,İstanbul,22,135,610000,135,120,5,3,0
563,İstanbul,3,155,1250000,210,200,11,5,26
564,İstanbul,22,62,1600000,141,95,5,7,1
565,İstanbul,9,2,1575000,140,125,3,8,24
566,İstanbul,8,144,200000000,1500,1100,13,5,23
567,İstanbul,2,56,495000,130,110,5,5,7
568,İstanbul,2,37,390000,110,100,5,5,0
569,İstanbul,14,145,450000,100,90,3,8,0
570,İstanbul,9,2,1699000,270,250,11,0,12
571,İstanbul,9,35,749900,150,140,5,0,7
572,İstanbul,9,35,529900,120,105,3,0,0
573,İstanbul,9,2,1434900,160,150,5,0,25
574,İstanbul,9,2,800000,105,90,1,6,11
575,İstanbul,9,35,659000,140,120,5,0,0
576,İstanbul,9,35,439000,110,100,3,7,7
577,İstanbul,16,124,870000,120,115,3,5,12
578,İstanbul,9,35,1950000,165,136,5,5,5
579,İstanbul,9,35,2750000,165,146,5,3,16
580,İstanbul,31,58,1250000,127,105,5,2,0
581,İstanbul,9,35,739000,115,102,3,0,7
582,İstanbul,9,35,699000,146,120,5,0,0
583,İstanbul,9,35,340000,110,100,3,7,7
584,İstanbul,9,35,439000,110,100,3,7,7
585,İstanbul,9,35,269999,130,120,3,0,19
586,İstanbul,9,35,499999,120,110,3,0,7
587,İstanbul,3,155,2325000,220,205,11,7,26
588,İstanbul,14,35,739000,115,102,3,0,7
589,İstanbul,9,35,539999,100,95,3,0,25
590,İstanbul,3,117,615000,100,87,3,5,13
591,İstanbul,9,128,889000,110,90,3,0,7
592,İstanbul,22,135,610000,135,120,5,3,0
593,İstanbul,3,155,1250000,210,200,11,5,26
594,İstanbul,22,62,1600000,141,95,5,7,1
595,İstanbul,9,2,1575000,140,125,3,8,24
596,İstanbul,8,144,200000000,1500,1100,13,5,23
597,İstanbul,2,56,495000,130,110,5,5,7
598,İstanbul,2,37,390000,110,100,5,5,0
599,İstanbul,14,145,450000,100,90,3,8,0
600,İstanbul,9,2,1699000,270,250,11,0,12
601,İstanbul,9,35,749900,150,140,5,0,7
602,İstanbul,9,35,529900,120,105,3,0,0
603,İstanbul,9,2,1434900,160,150,5,0,25
604,İstanbul,9,2,800000,105,90,1,6,11
605,İstanbul,9,35,659000,140,120,5,0,0
606,İstanbul,9,35,439000,110,100,3,7,7
607,İstanbul,16,124,870000,120,115,3,5,12
608,İstanbul,9,35,1950000,165,136,5,5,5
609,İstanbul,9,35,2750000,165,146,5,3,16
610,İstanbul,31,58,1250000,127,105,5,2,0
611,İstanbul,9,35,739000,115,102,3,0,7
612,İstanbul,9,35,699000,146,120,5,0,0
613,İstanbul,9,35,340000,110,100,3,7,7
614,İstanbul,9,35,439000,110,100,3,7,7
615,İstanbul,9,35,269999,130,120,3,0,19
616,İstanbul,9,35,499999,120,110,3,0,7
617,İstanbul,3,155,2325000,220,205,11,7,26
618,İstanbul,14,35,739000,115,102,3,0,7
619,İstanbul,9,35,539999,100,95,3,0,25
620,İstanbul,3,117,615000,100,87,3,5,13
621,İstanbul,9,128,889000,110,90,3,0,7
622,İstanbul,22,135,610000,135,120,5,3,0
623,İstanbul,3,155,1250000,210,200,11,5,26
624,İstanbul,22,62,1600000,141,95,5,7,1
625,İstanbul,9,2,1575000,140,125,3,8,24
626,İstanbul,8,144,200000000,1500,1100,13,5,23
627,İstanbul,2,56,495000,130,110,5,5,7
628,İstanbul,2,37,390000,110,100,5,5,0
629,İstanbul,14,145,450000,100,90,3,8,0
630,İstanbul,9,2,1699000,270,250,11,0,12
631,İstanbul,9,35,749900,150,140,5,0,7
632,İstanbul,9,35,529900,120,105,3,0,0
633,İstanbul,9,2,1434900,160,150,5,0,25
634,İstanbul,9,2,800000,105,90,1,6,11
635,İstanbul,9,35,659000,140,120,5,0,0
636,İstanbul,9,35,439000,110,100,3,7,7
637,İstanbul,16,124,870000,120,115,3,5,12
638,İstanbul,9,35,1950000,165,136,5,5,5
639,İstanbul,9,35,2750000,165,146,5,3,16
640,İstanbul,31,58,1250000,127,105,5,2,0
641,İstanbul,9,35,739000,115,102,3,0,7
642,İstanbul,9,35,699000,146,120,5,0,0
643,İstanbul,9,35,340000,110,100,3,7,7
644,İstanbul,9,35,439000,110,100,3,7,7
645,İstanbul,9,35,269999,130,120,3,0,19
646,İstanbul,9,35,499999,120,110,3,0,7
647,İstanbul,3,155,2325000,220,205,11,7,26
648,İstanbul,14,35,739000,115,102,3,0,7
649,İstanbul,9,35,539999,100,95,3,0,25
650,İstanbul,3,117,615000,100,87,3,5,13
651,İstanbul,9,128,889000,110,90,3,0,7
652,İstanbul,22,135,610000,135,120,5,3,0
653,İstanbul,3,155,1250000,210,200,11,5,26
654,İstanbul,22,62,1600000,141,95,5,7,1
655,İstanbul,9,2,1575000,140,125,3,8,24
656,İstanbul,8,144,200000000,1500,1100,13,5,23
657,İstanbul,2,56,495000,130,110,5,5,7
658,İstanbul,2,37,390000,110,100,5,5,0
659,İstanbul,14,145,450000,100,90,3,8,0
660,İstanbul,9,2,1699000,270,250,11,0,12
661,İstanbul,9,35,749900,150,140,5,0,7
662,İstanbul,9,35,529900,120,105,3,0,0
663,İstanbul,9,2,1434900,160,150,5,0,25
664,İstanbul,9,2,800000,105,90,1,6,11
665,İstanbul,9,35,659000,140,120,5,0,0
666,İstanbul,9,35,439000,110,100,3,7,7
667,İstanbul,16,124,870000,120,115,3,5,12
668,İstanbul,9,35,1950000,165,136,5,5,5
669,İstanbul,9,35,2750000,165,146,5,3,16
670,İstanbul,31,58,1250000,127,105,5,2,0
671,İstanbul,9,35,739000,115,102,3,0,7
672,İstanbul,9,35,699000,146,120,5,0,0
673,İstanbul,9,35,340000,110,100,3,7,7
674,İstanbul,9,35,439000,110,100,3,7,7
675,İstanbul,9,35,269999,130,120,3,0,19
676,İstanbul,9,35,499999,120,110,3,0,7
677,İstanbul,3,155,2325000,220,205,11,7,26
678,İstanbul,14,35,739000,115,102,3,0,7
679,İstanbul,9,35,539999,100,95,3,0,25
680,İstanbul,3,117,615000,100,87,3,5,13
681,İstanbul,9,128,889000,110,90,3,0,7
682,İstanbul,22,135,610000,135,120,5,3,0
683,İstanbul,3,155,1250000,210,200,11,5,26
684,İstanbul,22,62,1600000,141,95,5,7,1
685,İstanbul,9,2,1575000,140,125,3,8,24
686,İstanbul,8,144,200000000,1500,1100,13,5,23
687,İstanbul,2,56,495000,130,110,5,5,7
688,İstanbul,2,37,390000,110,100,5,5,0
689,İstanbul,14,145,450000,100,90,3,8,0
690,İstanbul,9,2,1699000,270,250,11,0,12
691,İstanbul,9,35,749900,150,140,5,0,7
692,İstanbul,9,35,529900,120,105,3,0,0
693,İstanbul,9,2,1434900,160,150,5,0,25
694,İstanbul,9,2,800000,105,90,1,6,11
695,İstanbul,9,35,659000,140,120,5,0,0
696,İstanbul,9,35,439000,110,100,3,7,7
697,İstanbul,16,124,870000,120,115,3,5,12
698,İstanbul,9,35,1950000,165,136,5,5,5
699,İstanbul,9,35,2750000,165,146,5,3,16
700,İstanbul,31,58,1250000,127,105,5,2,0
701,İstanbul,9,35,739000,115,102,3,0,7
702,İstanbul,9,35,699000,146,120,5,0,0
703,İstanbul,9,35,340000,110,100,3,7,7
704,İstanbul,9,35,439000,110,100,3,7,7
705,İstanbul,9,35,269999,130,120,3,0,19
706,İstanbul,9,35,499999,120,110,3,0,7
707,İstanbul,3,155,2325000,220,205,11,7,26
708,İstanbul,14,35,739000,115,102,3,0,7
709,İstanbul,9,35,539999,100,95,3,0,25
710,İstanbul,3,117,615000,100,87,3,5,13
711,İstanbul,9,128,889000,110,90,3,0,7
712,İstanbul,22,135,610000,135,120,5,3,0
713,İstanbul,3,155,1250000,210,200,11,5,26
714,İstanbul,22,62,1600000,141,95,5,7,1
715,İstanbul,9,2,1575000,140,125,3,8,24
716,İstanbul,8,144,200000000,1500,1100,13,5,23
717,İstanbul,2,56,495000,130,110,5,5,7
718,İstanbul,2,37,390000,110,100,5,5,0
719,İstanbul,14,145,450000,100,90,3,8,0
720,İstanbul,9,2,1699000,270,250,11,0,12
721,İstanbul,9,35,749900,150,140,5,0,7
722,İstanbul,9,35,529900,120,105,3,0,0
723,İstanbul,9,2,1434900,160,150,5,0,25
724,İstanbul,9,2,800000,105,90,1,6,11
725,İstanbul,9,35,659000,140,120,5,0,0
726,İstanbul,9,35,439000,110,100,3,7,7
727,İstanbul,16,124,870000,120,115,3,5,12
728,İstanbul,9,35,1950000,165,136,5,5,5
729,İstanbul,9,35,2750000,165,146,5,3,16
730,İstanbul,31,58,1250000,127,105,5,2,0
731,İstanbul,9,35,739000,115,102,3,0,7
732,İstanbul,9,35,699000,146,120,5,0,0
733,İstanbul,9,35,340000,110,100,3,7,7
734,İstanbul,9,35,439000,110,100,3,7,7
735,İstanbul,9,35,269999,130,120,3,0,19
736,İstanbul,9,35,499999,120,110,3,0,7
737,İstanbul,3,155,2325000,220,205,11,7,26
738,İstanbul,14,35,739000,115,102,3,0,7
739,İstanbul,9,35,539999,100,95,3,0,25
740,İstanbul,3,117,615000,100,87,3,5,13
741,İstanbul,9,128,889000,110,90,3,0,7
742,İstanbul,22,135,610000,135,120,5,3,0
743,İstanbul,3,155,1250000,210,200,11,5,26
744,İstanbul,22,62,1600000,141,95,5,7,1
745,İstanbul,9,2,1575000,140,125,3,8,24
746,İstanbul,8,144,200000000,1500,1100,13,5,23
747,İstanbul,2,56,495000,130,110,5,5,7
748,İstanbul,2,37,390000,110,100,5,5,0
749,İstanbul,14,145,450000,100,90,3,8,0
750,İstanbul,9,2,1699000,270,250,11,0,12
751,İstanbul,9,35,749900,150,140,5,0,7
752,İstanbul,9,35,529900,120,105,3,0,0
753,İstanbul,9,2,1434900,160,150,5,0,25
754,İstanbul,9,2,800000,105,90,1,6,11
755,İstanbul,9,35,659000,140,120,5,0,0
756,İstanbul,9,35,439000,110,100,3,7,7
757,İstanbul,16,124,870000,120,115,3,5,12
758,İstanbul,9,35,1950000,165,136,5,5,5
759,İstanbul,9,35,2750000,165,146,5,3,16
760,İstanbul,31,58,1250000,127,105,5,2,0
761,İstanbul,9,35,739000,115,102,3,0,7
762,İstanbul,9,35,699000,146,120,5,0,0
763,İstanbul,9,35,340000,110,100,3,7,7
764,İstanbul,9,35,439000,110,100,3,7,7
765,İstanbul,9,35,269999,130,120,3,0,19
766,İstanbul,9,35,499999,120,110,3,0,7
767,İstanbul,3,155,2325000,220,205,11,7,26
768,İstanbul,14,35,739000,115,102,3,0,7
769,İstanbul,9,35,539999,100,95,3,0,25
770,İstanbul,3,117,615000,100,87,3,5,13
771,İstanbul,9,128,889000,110,90,3,0,7
772,İstanbul,22,135,610000,135,120,5,3,0
773,İstanbul,3,155,1250000,210,200,11,5,26
774,İstanbul,22,62,1600000,141,95,5,7,1
775,İstanbul,9,2,1575000,140,125,3,8,24
776,İstanbul,8,144,200000000,1500,1100,13,5,23
777,İstanbul,2,56,495000,130,110,5,5,7
778,İstanbul,2,37,390000,110,100,5,5,0
779,İstanbul,14,145,450000,100,90,3,8,0
780,İstanbul,9,2,1699000,270,250,11,0,12
781,İstanbul,9,35,749900,150,140,5,0,7
782,İstanbul,9,35,529900,120,105,3,0,0
783,İstanbul,9,2,1434900,160,150,5,0,25
784,İstanbul,9,2,800000,105,90,1,6,11
785,İstanbul,9,35,659000,140,120,5,0,0
786,İstanbul,9,35,439000,110,100,3,7,7
787,İstanbul,16,124,870000,120,115,3,5,12
788,İstanbul,9,35,1950000,165,136,5,5,5
789,İstanbul,9,35,2750000,165,146,5,3,16
790,İstanbul,31,58,1250000,127,105,5,2,0
791,İstanbul,9,35,739000,115,102,3,0,7
792,İstanbul,9,35,699000,146,120,5,0,0
793,İstanbul,9,35,340000,110,100,3,7,7
794,İstanbul,9,35,439000,110,100,3,7,7
795,İstanbul,9,35,269999,130,120,3,0,19
796,İstanbul,9,35,499999,120,110,3,0,7
797,İstanbul,3,155,2325000,220,205,11,7,26
798,İstanbul,14,35,739000,115,102,3,0,7
799,İstanbul,9,35,539999,100,95,3,0,25
800,İstanbul,3,117,615000,100,87,3,5,13
801,İstanbul,9,128,889000,110,90,3,0,7
802,İstanbul,22,135,610000,135,120,5,3,0
803,İstanbul,3,155,1250000,210,200,11,5,26
804,İstanbul,22,62,1600000,141,95,5,7,1
805,İstanbul,9,2,1575000,140,125,3,8,24
806,İstanbul,8,144,200000000,1500,1100,13,5,23
807,İstanbul,2,56,495000,130,110,5,5,7
808,İstanbul,2,37,390000,110,100,5,5,0
809,İstanbul,14,145,450000,100,90,3,8,0
810,İstanbul,9,2,1699000,270,250,11,0,12
811,İstanbul,9,35,749900,150,140,5,0,7
812,İstanbul,9,35,529900,120,105,3,0,0
813,İstanbul,9,2,1434900,160,150,5,0,25
814,İstanbul,9,2,800000,105,90,1,6,11
815,İstanbul,9,35,659000,140,120,5,0,0
816,İstanbul,9,35,439000,110,100,3,7,7
817,İstanbul,16,124,870000,120,115,3,5,12
818,İstanbul,9,35,1950000,165,136,5,5,5
819,İstanbul,9,35,2750000,165,146,5,3,16
820,İstanbul,31,58,1250000,127,105,5,2,0
821,İstanbul,9,35,739000,115,102,3,0,7
822,İstanbul,9,35,699000,146,120,5,0,0
823,İstanbul,9,35,340000,110,100,3,7,7
824,İstanbul,9,35,439000,110,100,3,7,7
825,İstanbul,9,35,269999,130,120,3,0,19
826,İstanbul,9,35,499999,120,110,3,0,7
827,İstanbul,3,155,2325000,220,205,11,7,26
828,İstanbul,14,35,739000,115,102,3,0,7
829,İstanbul,9,35,539999,100,95,3,0,25
830,İstanbul,3,117,615000,100,87,3,5,13
831,İstanbul,9,128,889000,110,90,3,0,7
832,İstanbul,22,135,610000,135,120,5,3,0
833,İstanbul,3,155,1250000,210,200,11,5,26
834,İstanbul,22,62,1600000,141,95,5,7,1
835,İstanbul,9,2,1575000,140,125,3,8,24
836,İstanbul,8,144,200000000,1500,1100,13,5,23
837,İstanbul,2,56,495000,130,110,5,5,7
838,İstanbul,2,37,390000,110,100,5,5,0
839,İstanbul,14,145,450000,100,90,3,8,0
840,İstanbul,9,2,1699000,270,250,11,0,12
841,İstanbul,9,35,749900,150,140,5,0,7
842,İstanbul,9,35,529900,120,105,3,0,0
843,İstanbul,9,2,1434900,160,150,5,0,25
844,İstanbul,9,2,800000,105,90,1,6,11
845,İstanbul,9,35,659000,140,120,5,0,0
846,İstanbul,9,35,439000,110,100,3,7,7
847,İstanbul,16,124,870000,120,115,3,5,12
848,İstanbul,9,35,1950000,165,136,5,5,5
849,İstanbul,9,35,2750000,165,146,5,3,16
850,İstanbul,31,58,1250000,127,105,5,2,0
851,İstanbul,9,35,739000,115,102,3,0,7
852,İstanbul,9,35,699000,146,120,5,0,0
853,İstanbul,9,35,340000,110,100,3,7,7
854,İstanbul,9,35,439000,110,100,3,7,7
855,İstanbul,9,35,269999,130,120,3,0,19
856,İstanbul,9,35,499999,120,110,3,0,7
857,İstanbul,3,155,2325000,220,205,11,7,26
858,İstanbul,14,35,739000,115,102,3,0,7
859,İstanbul,9,35,539999,100,95,3,0,25
860,İstanbul,3,117,615000,100,87,3,5,13
861,İstanbul,9,128,889000,110,90,3,0,7
862,İstanbul,22,135,610000,135,120,5,3,0
863,İstanbul,3,155,1250000,210,200,11,5,26
864,İstanbul,22,62,1600000,141,95,5,7,1
865,İstanbul,9,2,1575000,140,125,3,8,24
866,İstanbul,8,144,200000000,1500,1100,13,5,23
867,İstanbul,2,56,495000,130,110,5,5,7
868,İstanbul,2,37,390000,110,100,5,5,0
869,İstanbul,14,145,450000,100,90,3,8,0
870,İstanbul,9,2,1699000,270,250,11,0,12
871,İstanbul,9,35,749900,150,140,5,0,7
872,İstanbul,9,35,529900,120,105,3,0,0
873,İstanbul,9,2,1434900,160,150,5,0,25
874,İstanbul,9,2,800000,105,90,1,6,11
875,İstanbul,9,35,659000,140,120,5,0,0
876,İstanbul,9,35,439000,110,100,3,7,7
877,İstanbul,16,124,870000,120,115,3,5,12
878,İstanbul,9,35,1950000,165,136,5,5,5
879,İstanbul,9,35,2750000,165,146,5,3,16
880,İstanbul,31,58,1250000,127,105,5,2,0
881,İstanbul,9,35,739000,115,102,3,0,7
882,İstanbul,9,35,699000,146,120,5,0,0
883,İstanbul,9,35,340000,110,100,3,7,7
884,İstanbul,9,35,439000,110,100,3,7,7
885,İstanbul,9,35,269999,130,120,3,0,19
886,İstanbul,9,35,499999,120,110,3,0,7
887,İstanbul,3,155,2325000,220,205,11,7,26
888,İstanbul,14,35,739000,115,102,3,0,7
889,İstanbul,9,35,539999,100,95,3,0,25
890,İstanbul,3,117,615000,100,87,3,5,13
891,İstanbul,9,128,889000,110,90,3,0,7
892,İstanbul,22,135,610000,135,120,5,3,0
893,İstanbul,3,155,1250000,210,200,11,5,26
894,İstanbul,22,62,1600000,141,95,5,7,1
895,İstanbul,9,2,1575000,140,125,3,8,24
896,İstanbul,8,144,200000000,1500,1100,13,5,23
897,İstanbul,2,56,495000,130,110,5,5,7
898,İstanbul,2,37,390000,110,100,5,5,0
899,İstanbul,14,145,450000,100,90,3,8,0
900,İstanbul,9,2,1699000,270,250,11,0,12
901,İstanbul,9,35,749900,150,140,5,0,7
902,İstanbul,9,35,529900,120,105,3,0,0
903,İstanbul,9,2,1434900,160,150,5,0,25
904,İstanbul,9,2,800000,105,90,1,6,11
905,İstanbul,9,35,659000,140,120,5,0,0
906,İstanbul,9,35,439000,110,100,3,7,7
907,İstanbul,16,124,870000,120,115,3,5,12
908,İstanbul,9,35,1950000,165,136,5,5,5
909,İstanbul,9,35,2750000,165,146,5,3,16
910,İstanbul,31,58,1250000,127,105,5,2,0
911,İstanbul,9,35,739000,115,102,3,0,7
912,İstanbul,9,35,699000,146,120,5,0,0
913,İstanbul,9,35,340000,110,100,3,7,7
914,İstanbul,9,35,439000,110,100,3,7,7
915,İstanbul,9,35,269999,130,120,3,0,19
916,İstanbul,9,35,499999,120,110,3,0,7
917,İstanbul,3,155,2325000,220,205,11,7,26
918,İstanbul,14,35,739000,115,102,3,0,7
919,İstanbul,9,35,539999,100,95,3,0,25
920,İstanbul,3,117,615000,100,87,3,5,13
921,İstanbul,9,128,889000,110,90,3,0,7
922,İstanbul,22,135,610000,135,120,5,3,0
923,İstanbul,3,155,1250000,210,200,11,5,26
924,İstanbul,22,62,1600000,141,95,5,7,1
925,İstanbul,9,2,1575000,140,125,3,8,24
926,İstanbul,8,144,200000000,1500,1100,13,5,23
927,İstanbul,2,56,495000,130,110,5,5,7
928,İstanbul,2,37,390000,110,100,5,5,0
929,İstanbul,14,145,450000,100,90,3,8,0
930,İstanbul,9,2,1699000,270,250,11,0,12
931,İstanbul,9,35,749900,150,140,5,0,7
932,İstanbul,9,35,529900,120,105,3,0,0
933,İstanbul,9,2,1434900,160,150,5,0,25
934,İstanbul,9,2,800000,105,90,1,6,11
935,İstanbul,9,35,659000,140,120,5,0,0
936,İstanbul,9,35,439000,110,100,3,7,7
937,İstanbul,16,124,870000,120,115,3,5,12
938,İstanbul,9,35,1950000,165,136,5,5,5
939,İstanbul,9,35,2750000,165,146,5,3,16
940,İstanbul,31,58,1250000,127,105,5,2,0
941,İstanbul,9,35,739000,115,102,3,0,7
942,İstanbul,9,35,699000,146,120,5,0,0
943,İstanbul,9,35,340000,110,100,3,7,7
944,İstanbul,9,35,439000,110,100,3,7,7
945,İstanbul,9,35,269999,130,120,3,0,19
946,İstanbul,9,35,499999,120,110,3,0,7
947,İstanbul,3,155,2325000,220,205,11,7,26
948,İstanbul,14,35,739000,115,102,3,0,7
949,İstanbul,9,35,539999,100,95,3,0,25
950,İstanbul,3,117,615000,100,87,3,5,13
951,İstanbul,9,128,889000,110,90,3,0,7
952,İstanbul,22,135,610000,135,120,5,3,0
953,İstanbul,3,155,1250000,210,200,11,5,26
954,İstanbul,22,62,1600000,141,95,5,7,1
955,İstanbul,9,2,1575000,140,125,3,8,24
956,İstanbul,8,144,200000000,1500,1100,13,5,23
957,İstanbul,2,56,495000,130,110,5,5,7
958,İstanbul,2,37,390000,110,100,5,5,0
959,İstanbul,14,145,450000,100,90,3,8,0
960,İstanbul,9,2,1699000,270,250,11,0,12
961,İstanbul,9,35,749900,150,140,5,0,7
962,İstanbul,9,35,529900,120,105,3,0,0
963,İstanbul,9,2,1434900,160,150,5,0,25
964,İstanbul,9,2,800000,105,90,1,6,11
965,İstanbul,9,35,659000,140,120,5,0,0
966,İstanbul,9,35,439000,110,100,3,7,7
967,İstanbul,16,124,870000,120,115,3,5,12
968,İstanbul,9,35,1950000,165,136,5,5,5
969,İstanbul,9,35,2750000,165,146,5,3,16
970,İstanbul,31,58,1250000,127,105,5,2,0
971,İstanbul,9,35,739000,115,102,3,0,7
972,İstanbul,9,35,699000,146,120,5,0,0
973,İstanbul,9,35,340000,110,100,3,7,7
974,İstanbul,9,35,439000,110,100,3,7,7
975,İstanbul,9,35,269999,130,120,3,0,19
976,İstanbul,9,35,499999,120,110,3,0,7
977,İstanbul,3,155,2325000,220,205,11,7,26
978,İstanbul,14,35,739000,115,102,3,0,7
979,İstanbul,9,35,539999,100,95,3,0,25
980,İstanbul,3,117,615000,100,87,3,5,13
981,İstanbul,9,128,889000,110,90,3,0,7
982,İstanbul,22,135,610000,135,120,5,3,0
983,İstanbul,3,155,1250000,210,200,11,5,26
984,İstanbul,22,62,1600000,141,95,5,7,1
985,İstanbul,9,2,1575000,140,125,3,8,24
986,İstanbul,8,144,200000000,1500,1100,13,5,23
987,İstanbul,2,56,495000,130,110,5,5,7
988,İstanbul,2,37,390000,110,100,5,5,0
989,İstanbul,14,145,450000,100,90,3,8,0
990,İstanbul,9,2,1699000,270,250,11,0,12
991,İstanbul,9,35,749900,150,140,5,0,7
992,İstanbul,9,35,529900,120,105,3,0,0
993,İstanbul,9,2,1434900,160,150,5,0,25
994,İstanbul,9,2,800000,105,90,1,6,11
995,İstanbul,9,35,659000,140,120,5,0,0
996,İstanbul,9,35,439000,110,100,3,7,7
997,İstanbul,16,124,870000,120,115,3,5,12
998,İstanbul,9,35,1950000,165,136,5,5,5
999,İstanbul,9,35,2750000,165,146,5,3,16
1000,İstanbul,31,58,1250000,127,105,5,2,0
1001,İstanbul,9,35,739000,115,102,3,0,7
1002,İstanbul,9,35,699000,146,120,5,0,0
1003,İstanbul,9,35,340000,110,100,3,7,7
1004,İstanbul,9,35,439000,110,100,3,7,7
1005,İstanbul,9,35,269999,130,120,3,0,19
1006,İstanbul,9,35,499999,120,110,3,0,7
1007,İstanbul,3,155,2325000,220,205,11,7,26
1008,İstanbul,14,35,739000,115,102,3,0,7
1009,İstanbul,9,35,539999,100,95,3,0,25
1010,İstanbul,3,117,615000,100,87,3,5,13
1011,İstanbul,9,128,889000,110,90,3,0,7
1012,İstanbul,22,135,610000,135,120,5,3,0
1013,İstanbul,3,155,1250000,210,200,11,5,26
1014,İstanbul,22,62,1600000,141,95,5,7,1
1015,İstanbul,9,2,1575000,140,125,3,8,24
1016,İstanbul,8,144,200000000,1500,1100,13,5,23
1017,İstanbul,2,56,495000,130,110,5,5,7
1018,İstanbul,2,37,390000,110,100,5,5,0
1019,İstanbul,14,145,450000,100,90,3,8,0
1020,İstanbul,9,2,1699000,270,250,11,0,12
1021,İstanbul,9,35,749900,150,140,5,0,7
1022,İstanbul,9,35,529900,120,105,3,0,0
1023,İstanbul,9,2,1434900,160,150,5,0,25
1024,İstanbul,9,2,800000,105,90,1,6,11
1025,İstanbul,9,35,659000,140,120,5,0,0
1026,İstanbul,9,35,439000,110,100,3,7,7
1027,İstanbul,16,124,870000,120,115,3,5,12
1028,İstanbul,9,35,1950000,165,136,5,5,5
1029,İstanbul,9,35,2750000,165,146,5,3,16
1030,İstanbul,31,58,1250000,127,105,5,2,0
1031,İstanbul,9,35,739000,115,102,3,0,7
1032,İstanbul,9,35,699000,146,120,5,0,0
1033,İstanbul,9,35,340000,110,100,3,7,7
1034,İstanbul,9,35,439000,110,100,3,7,7
1035,İstanbul,9,35,269999,130,120,3,0,19
1036,İstanbul,9,35,499999,120,110,3,0,7
1037,İstanbul,3,155,2325000,220,205,11,7,26
1038,İstanbul,14,35,739000,115,102,3,0,7
1039,İstanbul,9,35,539999,100,95,3,0,25
1040,İstanbul,3,117,615000,100,87,3,5,13
1041,İstanbul,9,128,889000,110,90,3,0,7
1042,İstanbul,22,135,610000,135,120,5,3,0
1043,İstanbul,3,155,1250000,210,200,11,5,26
1044,İstanbul,22,62,1600000,141,95,5,7,1
1045,İstanbul,9,2,1575000,140,125,3,8,24
1046,İstanbul,8,144,200000000,1500,1100,13,5,23
1047,İstanbul,2,56,495000,130,110,5,5,7
1048,İstanbul,2,37,390000,110,100,5,5,0
1049,İstanbul,14,145,450000,100,90,3,8,0
1050,İstanbul,9,2,1699000,270,250,11,0,12
1051,İstanbul,9,35,749900,150,140,5,0,7
1052,İstanbul,9,35,529900,120,105,3,0,0
1053,İstanbul,9,2,1434900,160,150,5,0,25
1054,İstanbul,9,2,800000,105,90,1,6,11
1055,İstanbul,9,35,659000,140,120,5,0,0
1056,İstanbul,9,35,439000,110,100,3,7,7
1057,İstanbul,16,124,870000,120,115,3,5,12
1058,İstanbul,9,35,1950000,165,136,5,5,5
1059,İstanbul,9,35,2750000,165,146,5,3,16
1060,İstanbul,31,58,1250000,127,105,5,2,0
1061,İstanbul,9,35,739000,115,102,3,0,7
1062,İstanbul,9,35,699000,146,120,5,0,0
1063,İstanbul,9,35,340000,110,100,3,7,7
1064,İstanbul,9,35,439000,110,100,3,7,7
1065,İstanbul,9,35,269999,130,120,3,0,19
1066,İstanbul,9,35,499999,120,110,3,0,7
1067,İstanbul,3,155,2325000,220,205,11,7,26
1068,İstanbul,14,35,739000,115,102,3,0,7
1069,İstanbul,9,35,539999,100,95,3,0,25
1070,İstanbul,3,117,615000,100,87,3,5,13
1071,İstanbul,9,128,889000,110,90,3,0,7
1072,İstanbul,22,135,610000,135,120,5,3,0
1073,İstanbul,3,155,1250000,210,200,11,5,26
1074,İstanbul,22,62,1600000,141,95,5,7,1
1075,İstanbul,9,2,1575000,140,125,3,8,24
1076,İstanbul,8,144,200000000,1500,1100,13,5,23
1077,İstanbul,2,56,495000,130,110,5,5,7
1078,İstanbul,2,37,390000,110,100,5,5,0
1079,İstanbul,14,145,450000,100,90,3,8,0
1080,İstanbul,9,2,1699000,270,250,11,0,12
1081,İstanbul,9,35,749900,150,140,5,0,7
1082,İstanbul,9,35,529900,120,105,3,0,0
1083,İstanbul,9,2,1434900,160,150,5,0,25
1084,İstanbul,9,2,800000,105,90,1,6,11
1085,İstanbul,9,35,659000,140,120,5,0,0
1086,İstanbul,9,35,439000,110,100,3,7,7
1087,İstanbul,16,124,870000,120,115,3,5,12
1088,İstanbul,9,35,1950000,165,136,5,5,5
1089,İstanbul,9,35,2750000,165,146,5,3,16
1090,İstanbul,31,58,1250000,127,105,5,2,0
1091,İstanbul,9,35,739000,115,102,3,0,7
1092,İstanbul,9,35,699000,146,120,5,0,0
1093,İstanbul,9,35,340000,110,100,3,7,7
1094,İstanbul,9,35,439000,110,100,3,7,7
1095,İstanbul,9,35,269999,130,120,3,0,19
1096,İstanbul,9,35,499999,120,110,3,0,7
1097,İstanbul,3,155,2325000,220,205,11,7,26
1098,İstanbul,14,35,739000,115,102,3,0,7
1099,İstanbul,9,35,539999,100,95,3,0,25
1100,İstanbul,3,117,615000,100,87,3,5,13
1101,İstanbul,9,128,889000,110,90,3,0,7
1102,İstanbul,22,135,610000,135,120,5,3,0
1103,İstanbul,3,155,1250000,210,200,11,5,26
1104,İstanbul,22,62,1600000,141,95,5,7,1
1105,İstanbul,9,2,1575000,140,125,3,8,24
1106,İstanbul,8,144,200000000,1500,1100,13,5,23
1107,İstanbul,2,56,495000,130,110,5,5,7
1108,İstanbul,2,37,390000,110,100,5,5,0
1109,İstanbul,14,145,450000,100,90,3,8,0
1110,İstanbul,9,2,1699000,270,250,11,0,12
1111,İstanbul,9,35,749900,150,140,5,0,7
1112,İstanbul,9,35,529900,120,105,3,0,0
1113,İstanbul,9,2,1434900,160,150,5,0,25
1114,İstanbul,9,2,800000,105,90,1,6,11
1115,İstanbul,9,35,659000,140,120,5,0,0
1116,İstanbul,9,35,439000,110,100,3,7,7
1117,İstanbul,16,124,870000,120,115,3,5,12
1118,İstanbul,9,35,1950000,165,136,5,5,5
1119,İstanbul,9,35,2750000,165,146,5,3,16
1120,İstanbul,31,58,1250000,127,105,5,2,0
1121,İstanbul,9,35,739000,115,102,3,0,7
1122,İstanbul,9,35,699000,146,120,5,0,0
1123,İstanbul,9,35,340000,110,100,3,7,7
1124,İstanbul,9,35,439000,110,100,3,7,7
1125,İstanbul,9,35,269999,130,120,3,0,19
1126,İstanbul,9,35,499999,120,110,3,0,7
1127,İstanbul,3,155,2325000,220,205,11,7,26
1128,İstanbul,14,35,739000,115,102,3,0,7
1129,İstanbul,9,35,539999,100,95,3,0,25
1130,İstanbul,3,117,615000,100,87,3,5,13
1131,İstanbul,9,128,889000,110,90,3,0,7
1132,İstanbul,22,135,610000,135,120,5,3,0
1133,İstanbul,3,155,1250000,210,200,11,5,26
1134,İstanbul,22,62,1600000,141,95,5,7,1
1135,İstanbul,9,2,1575000,140,125,3,8,24
1136,İstanbul,8,144,200000000,1500,1100,13,5,23
1137,İstanbul,2,56,495000,130,110,5,5,7
1138,İstanbul,2,37,390000,110,100,5,5,0
1139,İstanbul,14,145,450000,100,90,3,8,0
1140,İstanbul,9,2,1699000,270,250,11,0,12
1141,İstanbul,9,35,749900,150,140,5,0,7
1142,İstanbul,9,35,529900,120,105,3,0,0
1143,İstanbul,9,2,1434900,160,150,5,0,25
1144,İstanbul,9,2,800000,105,90,1,6,11
1145,İstanbul,9,35,659000,140,120,5,0,0
1146,İstanbul,9,35,439000,110,100,3,7,7
1147,İstanbul,16,124,870000,120,115,3,5,12
1148,İstanbul,9,35,1950000,165,136,5,5,5
1149,İstanbul,9,35,2750000,165,146,5,3,16
1150,İstanbul,31,58,1250000,127,105,5,2,0
1151,İstanbul,9,35,739000,115,102,3,0,7
1152,İstanbul,9,35,699000,146,120,5,0,0
1153,İstanbul,9,35,340000,110,100,3,7,7
1154,İstanbul,9,35,439000,110,100,3,7,7
1155,İstanbul,9,35,269999,130,120,3,0,19
1156,İstanbul,9,35,499999,120,110,3,0,7
1157,İstanbul,3,155,2325000,220,205,11,7,26
1158,İstanbul,14,35,739000,115,102,3,0,7
1159,İstanbul,9,35,539999,100,95,3,0,25
1160,İstanbul,3,117,615000,100,87,3,5,13
1161,İstanbul,9,128,889000,110,90,3,0,7
1162,İstanbul,22,135,610000,135,120,5,3,0
1163,İstanbul,3,155,1250000,210,200,11,5,26
1164,İstanbul,22,62,1600000,141,95,5,7,1
1165,İstanbul,9,2,1575000,140,125,3,8,24
1166,İstanbul,8,144,200000000,1500,1100,13,5,23
1167,İstanbul,2,56,495000,130,110,5,5,7
1168,İstanbul,2,37,390000,110,100,5,5,0
1169,İstanbul,14,145,450000,100,90,3,8,0
1170,İstanbul,9,2,1699000,270,250,11,0,12
1171,İstanbul,9,35,749900,150,140,5,0,7
1172,İstanbul,9,35,529900,120,105,3,0,0
1173,İstanbul,9,2,1434900,160,150,5,0,25
1174,İstanbul,9,2,800000,105,90,1,6,11
1175,İstanbul,9,35,659000,140,120,5,0,0
1176,İstanbul,9,35,439000,110,100,3,7,7
1177,İstanbul,16,124,870000,120,115,3,5,12
1178,İstanbul,9,35,1950000,165,136,5,5,5
1179,İstanbul,9,35,2750000,165,146,5,3,16
1180,İstanbul,31,58,1250000,127,105,5,2,0
1181,İstanbul,9,35,739000,115,102,3,0,7
1182,İstanbul,9,35,699000,146,120,5,0,0
1183,İstanbul,9,35,340000,110,100,3,7,7
1184,İstanbul,9,35,439000,110,100,3,7,7
1185,İstanbul,9,35,269999,130,120,3,0,19
1186,İstanbul,9,35,499999,120,110,3,0,7
1187,İstanbul,3,155,2325000,220,205,11,7,26
1188,İstanbul,14,35,739000,115,102,3,0,7
1189,İstanbul,9,35,539999,100,95,3,0,25
1190,İstanbul,3,117,615000,100,87,3,5,13
1191,İstanbul,9,128,889000,110,90,3,0,7
1192,İstanbul,22,135,610000,135,120,5,3,0
1193,İstanbul,3,155,1250000,210,200,11,5,26
1194,İstanbul,22,62,1600000,141,95,5,7,1
1195,İstanbul,9,2,1575000,140,125,3,8,24
1196,İstanbul,8,144,200000000,1500,1100,13,5,23
1197,İstanbul,2,56,495000,130,110,5,5,7
1198,İstanbul,2,37,390000,110,100,5,5,0
1199,İstanbul,14,145,450000,100,90,3,8,0
1200,İstanbul,9,2,1699000,270,250,11,0,12
1201,İstanbul,9,35,749900,150,140,5,0,7
1202,İstanbul,9,35,529900,120,105,3,0,0
1203,İstanbul,9,2,1434900,160,150,5,0,25
1204,İstanbul,9,2,800000,105,90,1,6,11
1205,İstanbul,9,35,659000,140,120,5,0,0
1206,İstanbul,9,35,439000,110,100,3,7,7
1207,İstanbul,16,124,870000,120,115,3,5,12
1208,İstanbul,9,35,1950000,165,136,5,5,5
1209,İstanbul,9,35,2750000,165,146,5,3,16
1210,İstanbul,31,58,1250000,127,105,5,2,0
1211,İstanbul,9,35,739000,115,102,3,0,7
1212,İstanbul,9,35,699000,146,120,5,0,0
1213,İstanbul,9,35,340000,110,100,3,7,7
1214,İstanbul,9,35,439000,110,100,3,7,7
1215,İstanbul,9,35,269999,130,120,3,0,19
1216,İstanbul,9,35,499999,120,110,3,0,7
1217,İstanbul,3,155,2325000,220,205,11,7,26
1218,İstanbul,14,35,739000,115,102,3,0,7
1219,İstanbul,9,35,539999,100,95,3,0,25
1220,İstanbul,3,117,615000,100,87,3,5,13
1221,İstanbul,9,128,889000,110,90,3,0,7
1222,İstanbul,22,135,610000,135,120,5,3,0
1223,İstanbul,3,155,1250000,210,200,11,5,26
1224,İstanbul,22,62,1600000,141,95,5,7,1
1225,İstanbul,9,2,1575000,140,125,3,8,24
1226,İstanbul,8,144,200000000,1500,1100,13,5,23
1227,İstanbul,2,56,495000,130,110,5,5,7
1228,İstanbul,2,37,390000,110,100,5,5,0
1229,İstanbul,14,145,450000,100,90,3,8,0
1230,İstanbul,9,2,1699000,270,250,11,0,12
1231,İstanbul,9,35,749900,150,140,5,0,7
1232,İstanbul,9,35,529900,120,105,3,0,0
1233,İstanbul,9,2,1434900,160,150,5,0,25
1234,İstanbul,9,2,800000,105,90,1,6,11
1235,İstanbul,9,35,659000,140,120,5,0,0
1236,İstanbul,9,35,439000,110,100,3,7,7
1237,İstanbul,16,124,870000,120,115,3,5,12
1238,İstanbul,9,35,1950000,165,136,5,5,5
1239,İstanbul,9,35,2750000,165,146,5,3,16
1240,İstanbul,31,58,1250000,127,105,5,2,0
1241,İstanbul,9,35,739000,115,102,3,0,7
1242,İstanbul,9,35,699000,146,120,5,0,0
1243,İstanbul,9,35,340000,110,100,3,7,7
1244,İstanbul,9,35,439000,110,100,3,7,7
1245,İstanbul,9,35,269999,130,120,3,0,19
1246,İstanbul,9,35,499999,120,110,3,0,7
1247,İstanbul,3,155,2325000,220,205,11,7,26
1248,İstanbul,14,35,739000,115,102,3,0,7
1249,İstanbul,9,35,539999,100,95,3,0,25
1250,İstanbul,3,117,615000,100,87,3,5,13
1251,İstanbul,9,128,889000,110,90,3,0,7
1252,İstanbul,22,135,610000,135,120,5,3,0
1253,İstanbul,3,155,1250000,210,200,11,5,26
1254,İstanbul,22,62,1600000,141,95,5,7,1
1255,İstanbul,9,2,1575000,140,125,3,8,24
1256,İstanbul,8,144,200000000,1500,1100,13,5,23
1257,İstanbul,2,56,495000,130,110,5,5,7
1258,İstanbul,2,37,390000,110,100,5,5,0
1259,İstanbul,14,145,450000,100,90,3,8,0
1260,İstanbul,9,2,1699000,270,250,11,0,12
1261,İstanbul,9,35,749900,150,140,5,0,7
1262,İstanbul,9,35,529900,120,105,3,0,0
1263,İstanbul,9,2,1434900,160,150,5,0,25
1264,İstanbul,9,2,800000,105,90,1,6,11
1265,İstanbul,9,35,659000,140,120,5,0,0
1266,İstanbul,9,35,439000,110,100,3,7,7
1267,İstanbul,16,124,870000,120,115,3,5,12
1268,İstanbul,9,35,1950000,165,136,5,5,5
1269,İstanbul,9,35,2750000,165,146,5,3,16
1270,İstanbul,31,58,1250000,127,105,5,2,0
1271,İstanbul,9,35,739000,115,102,3,0,7
1272,İstanbul,9,35,699000,146,120,5,0,0
1273,İstanbul,9,35,340000,110,100,3,7,7
1274,İstanbul,9,35,439000,110,100,3,7,7
1275,İstanbul,9,35,269999,130,120,3,0,19
1276,İstanbul,9,35,499999,120,110,3,0,7
1277,İstanbul,3,155,2325000,220,205,11,7,26
1278,İstanbul,14,35,739000,115,102,3,0,7
1279,İstanbul,9,35,539999,100,95,3,0,25
1280,İstanbul,3,117,615000,100,87,3,5,13
1281,İstanbul,9,128,889000,110,90,3,0,7
1282,İstanbul,22,135,610000,135,120,5,3,0
1283,İstanbul,3,155,1250000,210,200,11,5,26
1284,İstanbul,22,62,1600000,141,95,5,7,1
1285,İstanbul,9,2,1575000,140,125,3,8,24
1286,İstanbul,8,144,200000000,1500,1100,13,5,23
1287,İstanbul,2,56,495000,130,110,5,5,7
1288,İstanbul,2,37,390000,110,100,5,5,0
1289,İstanbul,14,145,450000,100,90,3,8,0
1290,İstanbul,9,2,1699000,270,250,11,0,12
1291,İstanbul,9,35,749900,150,140,5,0,7
1292,İstanbul,9,35,529900,120,105,3,0,0
1293,İstanbul,9,2,1434900,160,150,5,0,25
1294,İstanbul,9,2,800000,105,90,1,6,11
1295,İstanbul,9,35,659000,140,120,5,0,0
1296,İstanbul,9,35,439000,110,100,3,7,7
1297,İstanbul,16,124,870000,120,115,3,5,12
1298,İstanbul,9,35,1950000,165,136,5,5,5
1299,İstanbul,9,35,2750000,165,146,5,3,16
1300,İstanbul,31,58,1250000,127,105,5,2,0
1301,İstanbul,9,35,739000,115,102,3,0,7
1302,İstanbul,9,35,699000,146,120,5,0,0
1303,İstanbul,9,35,340000,110,100,3,7,7
1304,İstanbul,9,35,439000,110,100,3,7,7
1305,İstanbul,9,35,269999,130,120,3,0,19
1306,İstanbul,9,35,499999,120,110,3,0,7
1307,İstanbul,3,155,2325000,220,205,11,7,26
1308,İstanbul,14,35,739000,115,102,3,0,7
1309,İstanbul,9,35,539999,100,95,3,0,25
1310,İstanbul,3,117,615000,100,87,3,5,13
1311,İstanbul,9,128,889000,110,90,3,0,7
1312,İstanbul,22,135,610000,135,120,5,3,0
1313,İstanbul,3,155,1250000,210,200,11,5,26
1314,İstanbul,22,62,1600000,141,95,5,7,1
1315,İstanbul,9,2,1575000,140,125,3,8,24
1316,İstanbul,8,144,200000000,1500,1100,13,5,23
1317,İstanbul,2,56,495000,130,110,5,5,7
1318,İstanbul,2,37,390000,110,100,5,5,0
1319,İstanbul,14,145,450000,100,90,3,8,0
1320,İstanbul,9,2,1699000,270,250,11,0,12
1321,İstanbul,9,35,749900,150,140,5,0,7
1322,İstanbul,9,35,529900,120,105,3,0,0
1323,İstanbul,9,2,1434900,160,150,5,0,25
1324,İstanbul,9,2,800000,105,90,1,6,11
1325,İstanbul,9,35,659000,140,120,5,0,0
1326,İstanbul,9,35,439000,110,100,3,7,7
1327,İstanbul,16,124,870000,120,115,3,5,12
1328,İstanbul,9,35,1950000,165,136,5,5,5
1329,İstanbul,9,35,2750000,165,146,5,3,16
1330,İstanbul,31,58,1250000,127,105,5,2,0
1331,İstanbul,9,35,739000,115,102,3,0,7
1332,İstanbul,9,35,699000,146,120,5,0,0
1333,İstanbul,9,35,340000,110,100,3,7,7
1334,İstanbul,9,35,439000,110,100,3,7,7
1335,İstanbul,9,35,269999,130,120,3,0,19
1336,İstanbul,9,35,499999,120,110,3,0,7
1337,İstanbul,3,155,2325000,220,205,11,7,26
1338,İstanbul,14,35,739000,115,102,3,0,7
1339,İstanbul,9,35,539999,100,95,3,0,25
1340,İstanbul,3,117,615000,100,87,3,5,13
1341,İstanbul,9,128,889000,110,90,3,0,7
1342,İstanbul,22,135,610000,135,120,5,3,0
1343,İstanbul,3,155,1250000,210,200,11,5,26
1344,İstanbul,22,62,1600000,141,95,5,7,1
1345,İstanbul,9,2,1575000,140,125,3,8,24
1346,İstanbul,8,144,200000000,1500,1100,13,5,23
1347,İstanbul,2,56,495000,130,110,5,5,7
1348,İstanbul,2,37,390000,110,100,5,5,0
1349,İstanbul,14,145,450000,100,90,3,8,0
1350,İstanbul,9,2,1699000,270,250,11,0,12
1351,İstanbul,9,35,749900,150,140,5,0,7
1352,İstanbul,9,35,529900,120,105,3,0,0
1353,İstanbul,9,2,1434900,160,150,5,0,25
1354,İstanbul,9,2,800000,105,90,1,6,11
1355,İstanbul,9,35,659000,140,120,5,0,0
1356,İstanbul,9,35,439000,110,100,3,7,7
1357,İstanbul,16,124,870000,120,115,3,5,12
1358,İstanbul,9,35,1950000,165,136,5,5,5
1359,İstanbul,9,35,2750000,165,146,5,3,16
1360,İstanbul,31,58,1250000,127,105,5,2,0
1361,İstanbul,9,35,739000,115,102,3,0,7
1362,İstanbul,9,35,699000,146,120,5,0,0
1363,İstanbul,9,35,340000,110,100,3,7,7
1364,İstanbul,9,35,439000,110,100,3,7,7
1365,İstanbul,9,35,269999,130,120,3,0,19
1366,İstanbul,9,35,499999,120,110,3,0,7
1367,İstanbul,3,155,2325000,220,205,11,7,26
1368,İstanbul,14,35,739000,115,102,3,0,7
1369,İstanbul,9,35,539999,100,95,3,0,25
1370,İstanbul,3,117,615000,100,87,3,5,13
1371,İstanbul,9,128,889000,110,90,3,0,7
1372,İstanbul,22,135,610000,135,120,5,3,0
1373,İstanbul,3,155,1250000,210,200,11,5,26
1374,İstanbul,22,62,1600000,141,95,5,7,1
1375,İstanbul,9,2,1575000,140,125,3,8,24
1376,İstanbul,8,144,200000000,1500,1100,13,5,23
1377,İstanbul,2,56,495000,130,110,5,5,7
1378,İstanbul,2,37,390000,110,100,5,5,0
1379,İstanbul,14,145,450000,100,90,3,8,0
1380,İstanbul,9,2,1699000,270,250,11,0,12
1381,İstanbul,9,35,749900,150,140,5,0,7
1382,İstanbul,9,35,529900,120,105,3,0,0
1383,İstanbul,9,2,1434900,160,150,5,0,25
1384,İstanbul,9,2,800000,105,90,1,6,11
1385,İstanbul,9,35,659000,140,120,5,0,0
1386,İstanbul,9,35,439000,110,100,3,7,7
1387,İstanbul,16,124,870000,120,115,3,5,12
1388,İstanbul,9,35,1950000,165,136,5,5,5
1389,İstanbul,9,35,2750000,165,146,5,3,16
1390,İstanbul,31,58,1250000,127,105,5,2,0
1391,İstanbul,9,35,739000,115,102,3,0,7
1392,İstanbul,9,35,699000,146,120,5,0,0
1393,İstanbul,9,35,340000,110,100,3,7,7
1394,İstanbul,9,35,439000,110,100,3,7,7
1395,İstanbul,9,35,269999,130,120,3,0,19
1396,İstanbul,9,35,499999,120,110,3,0,7
1397,İstanbul,3,155,2325000,220,205,11,7,26
1398,İstanbul,14,35,739000,115,102,3,0,7
1399,İstanbul,9,35,539999,100,95,3,0,25
1400,İstanbul,3,117,615000,100,87,3,5,13
1401,İstanbul,9,128,889000,110,90,3,0,7
1402,İstanbul,22,135,610000,135,120,5,3,0
1403,İstanbul,3,155,1250000,210,200,11,5,26
1404,İstanbul,22,62,1600000,141,95,5,7,1
1405,İstanbul,9,2,1575000,140,125,3,8,24
1406,İstanbul,8,144,200000000,1500,1100,13,5,23
1407,İstanbul,2,56,495000,130,110,5,5,7
1408,İstanbul,2,37,390000,110,100,5,5,0
1409,İstanbul,14,145,450000,100,90,3,8,0
